{"Batch train loss": 0.5721206665039062, "_timestamp": 1729861399.5635827, "_runtime": 201.00105261802673, "_step": 59}