{"Batch train loss": 0.7631781101226807, "_timestamp": 1729856256.2591739, "_runtime": 58.36569094657898, "_step": 0, "_wandb": {"runtime": 68}}