{"Batch train loss": 0.7522441744804382, "_timestamp": 1729860558.6641867, "_runtime": 174.56657075881958, "_step": 76}