{"Batch train loss": 0.6920546889305115, "_timestamp": 1729860054.4528136, "_runtime": 64.70144772529602, "_step": 0, "_wandb": {"runtime": 78}}